
<RENDERBATCH>

  <RENDERIMG RASNAME="C:\IVK_EDK_Demonstrations_13_3\IVK_Camera_Frame_Buffer_Demo2\hw\SDK\SDK_Export\hw\imgs\microblaze_0.jpg" SVGNAME="C:\IVK_EDK_Demonstrations_13_3\IVK_Camera_Frame_Buffer_Demo2\hw\SDK\SDK_Export\hw\imgs\microblaze_0.svg" TMPSVGFN="C:\IVK_EDK_Demonstrations_13_3\IVK_Camera_Frame_Buffer_Demo2\hw\__xps\.dswkshop\microblaze_0.svg"/>

  <RENDERIMG RASNAME="C:\IVK_EDK_Demonstrations_13_3\IVK_Camera_Frame_Buffer_Demo2\hw\SDK\SDK_Export\hw\imgs\mb_plb.jpg" SVGNAME="C:\IVK_EDK_Demonstrations_13_3\IVK_Camera_Frame_Buffer_Demo2\hw\SDK\SDK_Export\hw\imgs\mb_plb.svg" TMPSVGFN="C:\IVK_EDK_Demonstrations_13_3\IVK_Camera_Frame_Buffer_Demo2\hw\__xps\.dswkshop\mb_plb.svg"/>

  <RENDERIMG RASNAME="C:\IVK_EDK_Demonstrations_13_3\IVK_Camera_Frame_Buffer_Demo2\hw\SDK\SDK_Export\hw\imgs\slave_plb.jpg" SVGNAME="C:\IVK_EDK_Demonstrations_13_3\IVK_Camera_Frame_Buffer_Demo2\hw\SDK\SDK_Export\hw\imgs\slave_plb.svg" TMPSVGFN="C:\IVK_EDK_Demonstrations_13_3\IVK_Camera_Frame_Buffer_Demo2\hw\__xps\.dswkshop\slave_plb.svg"/>

  <RENDERIMG RASNAME="C:\IVK_EDK_Demonstrations_13_3\IVK_Camera_Frame_Buffer_Demo2\hw\SDK\SDK_Export\hw\imgs\plbv46_plbv46_bridge_0.jpg" SVGNAME="C:\IVK_EDK_Demonstrations_13_3\IVK_Camera_Frame_Buffer_Demo2\hw\SDK\SDK_Export\hw\imgs\plbv46_plbv46_bridge_0.svg" TMPSVGFN="C:\IVK_EDK_Demonstrations_13_3\IVK_Camera_Frame_Buffer_Demo2\hw\__xps\.dswkshop\plbv46_plbv46_bridge_0.svg"/>

  <RENDERIMG RASNAME="C:\IVK_EDK_Demonstrations_13_3\IVK_Camera_Frame_Buffer_Demo2\hw\SDK\SDK_Export\hw\imgs\ilmb.jpg" SVGNAME="C:\IVK_EDK_Demonstrations_13_3\IVK_Camera_Frame_Buffer_Demo2\hw\SDK\SDK_Export\hw\imgs\ilmb.svg" TMPSVGFN="C:\IVK_EDK_Demonstrations_13_3\IVK_Camera_Frame_Buffer_Demo2\hw\__xps\.dswkshop\ilmb.svg"/>

  <RENDERIMG RASNAME="C:\IVK_EDK_Demonstrations_13_3\IVK_Camera_Frame_Buffer_Demo2\hw\SDK\SDK_Export\hw\imgs\dlmb.jpg" SVGNAME="C:\IVK_EDK_Demonstrations_13_3\IVK_Camera_Frame_Buffer_Demo2\hw\SDK\SDK_Export\hw\imgs\dlmb.svg" TMPSVGFN="C:\IVK_EDK_Demonstrations_13_3\IVK_Camera_Frame_Buffer_Demo2\hw\__xps\.dswkshop\dlmb.svg"/>

  <RENDERIMG RASNAME="C:\IVK_EDK_Demonstrations_13_3\IVK_Camera_Frame_Buffer_Demo2\hw\SDK\SDK_Export\hw\imgs\dlmb_cntlr.jpg" SVGNAME="C:\IVK_EDK_Demonstrations_13_3\IVK_Camera_Frame_Buffer_Demo2\hw\SDK\SDK_Export\hw\imgs\dlmb_cntlr.svg" TMPSVGFN="C:\IVK_EDK_Demonstrations_13_3\IVK_Camera_Frame_Buffer_Demo2\hw\__xps\.dswkshop\dlmb_cntlr.svg"/>

  <RENDERIMG RASNAME="C:\IVK_EDK_Demonstrations_13_3\IVK_Camera_Frame_Buffer_Demo2\hw\SDK\SDK_Export\hw\imgs\ilmb_cntlr.jpg" SVGNAME="C:\IVK_EDK_Demonstrations_13_3\IVK_Camera_Frame_Buffer_Demo2\hw\SDK\SDK_Export\hw\imgs\ilmb_cntlr.svg" TMPSVGFN="C:\IVK_EDK_Demonstrations_13_3\IVK_Camera_Frame_Buffer_Demo2\hw\__xps\.dswkshop\ilmb_cntlr.svg"/>

  <RENDERIMG RASNAME="C:\IVK_EDK_Demonstrations_13_3\IVK_Camera_Frame_Buffer_Demo2\hw\SDK\SDK_Export\hw\imgs\lmb_bram.jpg" SVGNAME="C:\IVK_EDK_Demonstrations_13_3\IVK_Camera_Frame_Buffer_Demo2\hw\SDK\SDK_Export\hw\imgs\lmb_bram.svg" TMPSVGFN="C:\IVK_EDK_Demonstrations_13_3\IVK_Camera_Frame_Buffer_Demo2\hw\__xps\.dswkshop\lmb_bram.svg"/>

  <RENDERIMG RASNAME="C:\IVK_EDK_Demonstrations_13_3\IVK_Camera_Frame_Buffer_Demo2\hw\SDK\SDK_Export\hw\imgs\RS232_Uart.jpg" SVGNAME="C:\IVK_EDK_Demonstrations_13_3\IVK_Camera_Frame_Buffer_Demo2\hw\SDK\SDK_Export\hw\imgs\RS232_Uart.svg" TMPSVGFN="C:\IVK_EDK_Demonstrations_13_3\IVK_Camera_Frame_Buffer_Demo2\hw\__xps\.dswkshop\RS232_Uart.svg"/>

  <RENDERIMG RASNAME="C:\IVK_EDK_Demonstrations_13_3\IVK_Camera_Frame_Buffer_Demo2\hw\SDK\SDK_Export\hw\imgs\LEDs_8Bit.jpg" SVGNAME="C:\IVK_EDK_Demonstrations_13_3\IVK_Camera_Frame_Buffer_Demo2\hw\SDK\SDK_Export\hw\imgs\LEDs_8Bit.svg" TMPSVGFN="C:\IVK_EDK_Demonstrations_13_3\IVK_Camera_Frame_Buffer_Demo2\hw\__xps\.dswkshop\LEDs_8Bit.svg"/>

  <RENDERIMG RASNAME="C:\IVK_EDK_Demonstrations_13_3\IVK_Camera_Frame_Buffer_Demo2\hw\SDK\SDK_Export\hw\imgs\MPMC_0.jpg" SVGNAME="C:\IVK_EDK_Demonstrations_13_3\IVK_Camera_Frame_Buffer_Demo2\hw\SDK\SDK_Export\hw\imgs\MPMC_0.svg" TMPSVGFN="C:\IVK_EDK_Demonstrations_13_3\IVK_Camera_Frame_Buffer_Demo2\hw\__xps\.dswkshop\MPMC_0.svg"/>

  <RENDERIMG RASNAME="C:\IVK_EDK_Demonstrations_13_3\IVK_Camera_Frame_Buffer_Demo2\hw\SDK\SDK_Export\hw\imgs\clock_generator_0.jpg" SVGNAME="C:\IVK_EDK_Demonstrations_13_3\IVK_Camera_Frame_Buffer_Demo2\hw\SDK\SDK_Export\hw\imgs\clock_generator_0.svg" TMPSVGFN="C:\IVK_EDK_Demonstrations_13_3\IVK_Camera_Frame_Buffer_Demo2\hw\__xps\.dswkshop\clock_generator_0.svg"/>

  <RENDERIMG RASNAME="C:\IVK_EDK_Demonstrations_13_3\IVK_Camera_Frame_Buffer_Demo2\hw\SDK\SDK_Export\hw\imgs\clock_generator_1.jpg" SVGNAME="C:\IVK_EDK_Demonstrations_13_3\IVK_Camera_Frame_Buffer_Demo2\hw\SDK\SDK_Export\hw\imgs\clock_generator_1.svg" TMPSVGFN="C:\IVK_EDK_Demonstrations_13_3\IVK_Camera_Frame_Buffer_Demo2\hw\__xps\.dswkshop\clock_generator_1.svg"/>

  <RENDERIMG RASNAME="C:\IVK_EDK_Demonstrations_13_3\IVK_Camera_Frame_Buffer_Demo2\hw\SDK\SDK_Export\hw\imgs\mdm_0.jpg" SVGNAME="C:\IVK_EDK_Demonstrations_13_3\IVK_Camera_Frame_Buffer_Demo2\hw\SDK\SDK_Export\hw\imgs\mdm_0.svg" TMPSVGFN="C:\IVK_EDK_Demonstrations_13_3\IVK_Camera_Frame_Buffer_Demo2\hw\__xps\.dswkshop\mdm_0.svg"/>

  <RENDERIMG RASNAME="C:\IVK_EDK_Demonstrations_13_3\IVK_Camera_Frame_Buffer_Demo2\hw\SDK\SDK_Export\hw\imgs\proc_sys_reset_0.jpg" SVGNAME="C:\IVK_EDK_Demonstrations_13_3\IVK_Camera_Frame_Buffer_Demo2\hw\SDK\SDK_Export\hw\imgs\proc_sys_reset_0.svg" TMPSVGFN="C:\IVK_EDK_Demonstrations_13_3\IVK_Camera_Frame_Buffer_Demo2\hw\__xps\.dswkshop\proc_sys_reset_0.svg"/>

  <RENDERIMG RASNAME="C:\IVK_EDK_Demonstrations_13_3\IVK_Camera_Frame_Buffer_Demo2\hw\SDK\SDK_Export\hw\imgs\xps_iic_0.jpg" SVGNAME="C:\IVK_EDK_Demonstrations_13_3\IVK_Camera_Frame_Buffer_Demo2\hw\SDK\SDK_Export\hw\imgs\xps_iic_0.svg" TMPSVGFN="C:\IVK_EDK_Demonstrations_13_3\IVK_Camera_Frame_Buffer_Demo2\hw\__xps\.dswkshop\xps_iic_0.svg"/>

  <RENDERIMG RASNAME="C:\IVK_EDK_Demonstrations_13_3\IVK_Camera_Frame_Buffer_Demo2\hw\SDK\SDK_Export\hw\imgs\sg_i2c_controller_plbw_0.jpg" SVGNAME="C:\IVK_EDK_Demonstrations_13_3\IVK_Camera_Frame_Buffer_Demo2\hw\SDK\SDK_Export\hw\imgs\sg_i2c_controller_plbw_0.svg" TMPSVGFN="C:\IVK_EDK_Demonstrations_13_3\IVK_Camera_Frame_Buffer_Demo2\hw\__xps\.dswkshop\sg_i2c_controller_plbw_0.svg"/>

  <RENDERIMG RASNAME="C:\IVK_EDK_Demonstrations_13_3\IVK_Camera_Frame_Buffer_Demo2\hw\SDK\SDK_Export\hw\imgs\vdma_0.jpg" SVGNAME="C:\IVK_EDK_Demonstrations_13_3\IVK_Camera_Frame_Buffer_Demo2\hw\SDK\SDK_Export\hw\imgs\vdma_0.svg" TMPSVGFN="C:\IVK_EDK_Demonstrations_13_3\IVK_Camera_Frame_Buffer_Demo2\hw\__xps\.dswkshop\vdma_0.svg"/>

  <RENDERIMG RASNAME="C:\IVK_EDK_Demonstrations_13_3\IVK_Camera_Frame_Buffer_Demo2\hw\SDK\SDK_Export\hw\imgs\vdma_1.jpg" SVGNAME="C:\IVK_EDK_Demonstrations_13_3\IVK_Camera_Frame_Buffer_Demo2\hw\SDK\SDK_Export\hw\imgs\vdma_1.svg" TMPSVGFN="C:\IVK_EDK_Demonstrations_13_3\IVK_Camera_Frame_Buffer_Demo2\hw\__xps\.dswkshop\vdma_1.svg"/>

  <RENDERIMG RASNAME="C:\IVK_EDK_Demonstrations_13_3\IVK_Camera_Frame_Buffer_Demo2\hw\SDK\SDK_Export\hw\imgs\ivk_video_gen_0.jpg" SVGNAME="C:\IVK_EDK_Demonstrations_13_3\IVK_Camera_Frame_Buffer_Demo2\hw\SDK\SDK_Export\hw\imgs\ivk_video_gen_0.svg" TMPSVGFN="C:\IVK_EDK_Demonstrations_13_3\IVK_Camera_Frame_Buffer_Demo2\hw\__xps\.dswkshop\ivk_video_gen_0.svg"/>

  <RENDERIMG RASNAME="C:\IVK_EDK_Demonstrations_13_3\IVK_Camera_Frame_Buffer_Demo2\hw\SDK\SDK_Export\hw\imgs\ivk_video_det_0.jpg" SVGNAME="C:\IVK_EDK_Demonstrations_13_3\IVK_Camera_Frame_Buffer_Demo2\hw\SDK\SDK_Export\hw\imgs\ivk_video_det_0.svg" TMPSVGFN="C:\IVK_EDK_Demonstrations_13_3\IVK_Camera_Frame_Buffer_Demo2\hw\__xps\.dswkshop\ivk_video_det_0.svg"/>

  <RENDERIMG RASNAME="C:\IVK_EDK_Demonstrations_13_3\IVK_Camera_Frame_Buffer_Demo2\hw\SDK\SDK_Export\hw\imgs\fmc_imageov_camera_in_0.jpg" SVGNAME="C:\IVK_EDK_Demonstrations_13_3\IVK_Camera_Frame_Buffer_Demo2\hw\SDK\SDK_Export\hw\imgs\fmc_imageov_camera_in_0.svg" TMPSVGFN="C:\IVK_EDK_Demonstrations_13_3\IVK_Camera_Frame_Buffer_Demo2\hw\__xps\.dswkshop\fmc_imageov_camera_in_0.svg"/>

  <RENDERIMG RASNAME="C:\IVK_EDK_Demonstrations_13_3\IVK_Camera_Frame_Buffer_Demo2\hw\SDK\SDK_Export\hw\imgs\fmc_imageov_dvi_out_0.jpg" SVGNAME="C:\IVK_EDK_Demonstrations_13_3\IVK_Camera_Frame_Buffer_Demo2\hw\SDK\SDK_Export\hw\imgs\fmc_imageov_dvi_out_0.svg" TMPSVGFN="C:\IVK_EDK_Demonstrations_13_3\IVK_Camera_Frame_Buffer_Demo2\hw\__xps\.dswkshop\fmc_imageov_dvi_out_0.svg"/>

  <RENDERIMG RASNAME="C:\IVK_EDK_Demonstrations_13_3\IVK_Camera_Frame_Buffer_Demo2\hw\SDK\SDK_Export\hw\imgs\spc_plbw_0.jpg" SVGNAME="C:\IVK_EDK_Demonstrations_13_3\IVK_Camera_Frame_Buffer_Demo2\hw\SDK\SDK_Export\hw\imgs\spc_plbw_0.svg" TMPSVGFN="C:\IVK_EDK_Demonstrations_13_3\IVK_Camera_Frame_Buffer_Demo2\hw\__xps\.dswkshop\spc_plbw_0.svg"/>

  <RENDERIMG RASNAME="C:\IVK_EDK_Demonstrations_13_3\IVK_Camera_Frame_Buffer_Demo2\hw\SDK\SDK_Export\hw\imgs\bc_plbw_0.jpg" SVGNAME="C:\IVK_EDK_Demonstrations_13_3\IVK_Camera_Frame_Buffer_Demo2\hw\SDK\SDK_Export\hw\imgs\bc_plbw_0.svg" TMPSVGFN="C:\IVK_EDK_Demonstrations_13_3\IVK_Camera_Frame_Buffer_Demo2\hw\__xps\.dswkshop\bc_plbw_0.svg"/>

  <RENDERIMG RASNAME="C:\IVK_EDK_Demonstrations_13_3\IVK_Camera_Frame_Buffer_Demo2\hw\SDK\SDK_Export\hw\imgs\cfa_plbw_0.jpg" SVGNAME="C:\IVK_EDK_Demonstrations_13_3\IVK_Camera_Frame_Buffer_Demo2\hw\SDK\SDK_Export\hw\imgs\cfa_plbw_0.svg" TMPSVGFN="C:\IVK_EDK_Demonstrations_13_3\IVK_Camera_Frame_Buffer_Demo2\hw\__xps\.dswkshop\cfa_plbw_0.svg"/>

  <RENDERIMG RASNAME="C:\IVK_EDK_Demonstrations_13_3\IVK_Camera_Frame_Buffer_Demo2\hw\SDK\SDK_Export\hw\imgs\cc_plbw_0.jpg" SVGNAME="C:\IVK_EDK_Demonstrations_13_3\IVK_Camera_Frame_Buffer_Demo2\hw\SDK\SDK_Export\hw\imgs\cc_plbw_0.svg" TMPSVGFN="C:\IVK_EDK_Demonstrations_13_3\IVK_Camera_Frame_Buffer_Demo2\hw\__xps\.dswkshop\cc_plbw_0.svg"/>

  <RENDERIMG RASNAME="C:\IVK_EDK_Demonstrations_13_3\IVK_Camera_Frame_Buffer_Demo2\hw\SDK\SDK_Export\hw\imgs\stats_plbw_0.jpg" SVGNAME="C:\IVK_EDK_Demonstrations_13_3\IVK_Camera_Frame_Buffer_Demo2\hw\SDK\SDK_Export\hw\imgs\stats_plbw_0.svg" TMPSVGFN="C:\IVK_EDK_Demonstrations_13_3\IVK_Camera_Frame_Buffer_Demo2\hw\__xps\.dswkshop\stats_plbw_0.svg"/>

  <RENDERIMG RASNAME="C:\IVK_EDK_Demonstrations_13_3\IVK_Camera_Frame_Buffer_Demo2\hw\SDK\SDK_Export\hw\imgs\gamma_plbw_0.jpg" SVGNAME="C:\IVK_EDK_Demonstrations_13_3\IVK_Camera_Frame_Buffer_Demo2\hw\SDK\SDK_Export\hw\imgs\gamma_plbw_0.svg" TMPSVGFN="C:\IVK_EDK_Demonstrations_13_3\IVK_Camera_Frame_Buffer_Demo2\hw\__xps\.dswkshop\gamma_plbw_0.svg"/>

  <RENDERIMG RASNAME="C:\IVK_EDK_Demonstrations_13_3\IVK_Camera_Frame_Buffer_Demo2\hw\SDK\SDK_Export\hw\imgs\xps_timer_0.jpg" SVGNAME="C:\IVK_EDK_Demonstrations_13_3\IVK_Camera_Frame_Buffer_Demo2\hw\SDK\SDK_Export\hw\imgs\xps_timer_0.svg" TMPSVGFN="C:\IVK_EDK_Demonstrations_13_3\IVK_Camera_Frame_Buffer_Demo2\hw\__xps\.dswkshop\xps_timer_0.svg"/>

  <RENDERIMG RASNAME="C:\IVK_EDK_Demonstrations_13_3\IVK_Camera_Frame_Buffer_Demo2\hw\SDK\SDK_Export\hw\imgs\xps_intc_0.jpg" SVGNAME="C:\IVK_EDK_Demonstrations_13_3\IVK_Camera_Frame_Buffer_Demo2\hw\SDK\SDK_Export\hw\imgs\xps_intc_0.svg" TMPSVGFN="C:\IVK_EDK_Demonstrations_13_3\IVK_Camera_Frame_Buffer_Demo2\hw\__xps\.dswkshop\xps_intc_0.svg"/>

  <RENDERIMG RASNAME="C:\IVK_EDK_Demonstrations_13_3\IVK_Camera_Frame_Buffer_Demo2\hw\SDK\SDK_Export\hw\imgs\system_blkd.jpg" SVGNAME="C:\IVK_EDK_Demonstrations_13_3\IVK_Camera_Frame_Buffer_Demo2\hw\SDK\SDK_Export\hw\imgs\system_blkd.svg" TMPSVGFN="C:\IVK_EDK_Demonstrations_13_3\IVK_Camera_Frame_Buffer_Demo2\hw\__xps\.dswkshop\system_blkd.svg"/>

</RENDERBATCH>